sample,fov,round,source,A,G,T,C
A_PB2,fov_000,0,A,0.0,0.047602262,1.456263,0.0
A_PB2,fov_000,1,G,0.0,0.0,0.0,0.09276383
A_PB2,fov_000,2,C,0.0,0.12376013,0.0,0.0
A_PB2,fov_000,3,T,0.0,0.086839,0.0,0.0
A_PB2,fov_000,4,G,0.0,0.0,0.0,0.32163814
A_PB2,fov_000,5,C,0.0,0.13724528,0.0,0.0
A_PB2,fov_001,0,A,0.0,0.0,1.5765014,0.0
A_PB2,fov_001,1,G,0.0,0.0,0.0,0.0
A_PB2,fov_001,2,C,0.0,0.0,0.0,0.0
A_PB2,fov_001,3,T,0.0,0.0,0.0,0.0
A_PB2,fov_001,4,G,0.0,0.0,0.0,0.03224249
A_PB2,fov_001,5,C,0.0,0.0,0.0,0.0
A_PB2,fov_002,0,A,0.0,0.0,0.603057,0.0
A_PB2,fov_002,1,G,0.0,0.0,0.0,0.0
A_PB2,fov_002,2,C,0.0,0.0,0.0,0.0
A_PB2,fov_002,3,T,0.0,0.0,0.0,0.0
A_PB2,fov_002,4,G,0.0,0.0,0.0,0.0
A_PB2,fov_002,5,C,0.0,0.0,0.0,0.0
A_PB2,fov_003,0,A,0.0,0.0,0.70838666,0.0
A_PB2,fov_003,1,G,0.0,0.0,0.0,0.0
A_PB2,fov_003,2,C,0.0,0.0,0.0,0.0
A_PB2,fov_003,3,T,0.0,0.0,0.0,0.0
A_PB2,fov_003,4,G,0.0,0.0,0.0,0.0
A_PB2,fov_003,5,C,0.0,0.0,0.0,0.0
A_PB2,fov_004,0,A,0.0,0.0,0.0,0.0
A_PB2,fov_004,1,G,0.0,0.0,0.0,0.0
A_PB2,fov_004,2,C,0.0,0.0,0.0,0.0
A_PB2,fov_004,3,T,0.0,0.0,0.0,0.0
A_PB2,fov_004,4,G,0.0,0.0,0.0,0.0
A_PB2,fov_004,5,C,0.0,0.0,0.0,0.0
A_PB2,fov_005,0,A,0.0,0.0,1.0986671,0.0
A_PB2,fov_005,1,G,0.0,0.0,0.0,0.0
A_PB2,fov_005,2,C,0.0,0.0,0.0,0.0
A_PB2,fov_005,3,T,0.0,0.0,0.0,0.0
A_PB2,fov_005,4,G,0.0,0.0,0.0,0.0
A_PB2,fov_005,5,C,0.0,0.0,0.0,0.0
A_PB2,fov_006,0,A,0.0,0.0,0.0,0.0
A_PB2,fov_006,1,G,0.0,0.0,0.0,0.0
A_PB2,fov_006,2,C,0.0,0.0,0.0,0.0
A_PB2,fov_006,3,T,0.0,0.0,0.0,0.0
A_PB2,fov_006,4,G,0.0,0.0,0.0,0.0
A_PB2,fov_006,5,C,0.0,0.0,0.0,0.0
A_PB2,fov_007,0,A,0.0,0.0,1.6555808,0.0
A_PB2,fov_007,1,G,0.0,0.0,0.0,0.0
A_PB2,fov_007,2,C,0.0,0.0,0.0,0.0
A_PB2,fov_007,3,T,0.0,0.0,0.0,0.007502848
A_PB2,fov_007,4,G,0.0,0.0,0.0,0.0
A_PB2,fov_007,5,C,0.0,0.0,0.0,0.0
A_PB2,fov_008,0,A,0.0,0.0,1.0129966,0.0
A_PB2,fov_008,1,G,0.0,0.0,0.0,0.0
A_PB2,fov_008,2,C,0.0,0.0,0.0,0.0
A_PB2,fov_008,3,T,0.0,0.0,0.0,0.0
A_PB2,fov_008,4,G,0.0,0.0,0.0,0.0
A_PB2,fov_008,5,C,0.0,0.0,0.0,0.0
A_PB2,fov_009,0,A,0.0,0.0,0.0,0.0
A_PB2,fov_009,1,G,0.0,0.0,0.0,0.0
A_PB2,fov_009,2,C,0.0,0.0,0.0,0.0
A_PB2,fov_009,3,T,0.0,0.0,0.0,0.0
A_PB2,fov_009,4,G,0.0,0.0,0.0,0.0
A_PB2,fov_009,5,C,0.0,0.0,0.0,0.0
A_PB2,fov_010,0,A,0.0,0.0,1.0486139,0.0
A_PB2,fov_010,1,G,0.0,0.0,0.0,0.0
A_PB2,fov_010,2,C,0.0,0.0,0.0,0.0
A_PB2,fov_010,3,T,0.0,0.0,0.0,0.0
A_PB2,fov_010,4,G,0.0,0.0,0.0,0.0
A_PB2,fov_010,5,C,0.0,0.0,0.0,0.0
A_PB2,fov_011,0,A,0.0,0.0,0.0,0.0
A_PB2,fov_011,1,G,0.0,0.0,0.0,0.0
A_PB2,fov_011,2,C,0.0,0.0,0.0,0.0
A_PB2,fov_011,3,T,0.0,0.0,0.0,0.0
A_PB2,fov_011,4,G,0.0,0.0,0.0,0.0
A_PB2,fov_011,5,C,0.0,0.0,0.0,0.0
A_PB2,fov_012,0,A,0.0,0.0,0.0,0.0
A_PB2,fov_012,1,G,0.0,0.0,0.0,0.0
A_PB2,fov_012,2,C,0.0,0.0,0.0,0.0
A_PB2,fov_012,3,T,0.0,0.0,0.0,0.0
A_PB2,fov_012,4,G,0.0,0.0,0.0,0.0
A_PB2,fov_012,5,C,0.0,0.0,0.0,0.0
A_PB2,fov_013,0,A,0.0,0.0,0.0,0.0
A_PB2,fov_013,1,G,0.0,0.0,0.0,0.0
A_PB2,fov_013,2,C,0.0,0.0,0.0,0.0
A_PB2,fov_013,3,T,0.0,0.0,0.0,0.0
A_PB2,fov_013,4,G,0.0,0.0,0.0,0.0
A_PB2,fov_013,5,C,0.0,0.0,0.0,0.0
A_PB2,fov_014,0,A,0.0,0.0,0.5879776,0.0
A_PB2,fov_014,1,G,0.0,0.0,0.0,0.0
A_PB2,fov_014,2,C,0.0,0.0,0.0,0.0
A_PB2,fov_014,3,T,0.0,0.0,0.0,0.0
A_PB2,fov_014,4,G,0.0,0.0,0.0,0.0
A_PB2,fov_014,5,C,0.0,0.0,0.0,0.0
A_PB2,fov_015,0,A,0.0,0.0,1.3531516,0.0
A_PB2,fov_015,1,G,0.0,0.0,0.0,0.0
A_PB2,fov_015,2,C,0.0,0.0,0.0,0.0
A_PB2,fov_015,3,T,0.0,0.0,0.0,0.0
A_PB2,fov_015,4,G,0.0,0.0,0.0,0.0
A_PB2,fov_015,5,C,0.0,0.0,0.0,0.0
C_PB1,fov_000,0,C,0.0,0.0,0.0,0.0
C_PB1,fov_000,1,G,0.0,0.0,0.0,0.16281693
C_PB1,fov_001,0,C,0.0,0.0,0.0,0.0
C_PB1,fov_001,1,G,0.0,0.0,0.0,0.22749038
C_PB1,fov_002,0,C,0.0,0.0,0.0,0.0
C_PB1,fov_002,1,G,0.0,0.0,0.0,0.0
C_PB1,fov_003,0,C,0.0,0.16155855,0.0,0.0
C_PB1,fov_003,1,G,0.0,0.0,0.0,0.34081522
C_PB1,fov_004,0,C,0.29510954,0.64162403,0.0,0.0
C_PB1,fov_004,1,G,0.0,0.0,0.0,0.80423087
C_PB1,fov_005,0,C,0.31318858,0.3089434,0.0,0.0
C_PB1,fov_005,1,G,0.0,0.0,0.0,0.62485456
C_PB1,fov_006,0,C,0.0,0.0,0.0,0.0
C_PB1,fov_006,1,G,0.0,0.0,0.0,0.017476754
C_PB1,fov_007,0,C,0.0,0.0,0.0,0.0
C_PB1,fov_007,1,G,0.0,0.0,0.0,0.0
C_PB1,fov_008,0,C,0.0,0.0,0.0,0.0
C_PB1,fov_008,1,G,0.0,0.0,0.0,0.0
C_PB1,fov_009,0,C,0.0,0.0,0.0,0.0
C_PB1,fov_009,1,G,0.0,0.0,0.0,0.0
C_PB1,fov_010,0,C,0.0,0.0,0.0,0.0
C_PB1,fov_010,1,G,0.0,0.0,0.0,0.28062874
C_PB1,fov_011,0,C,0.024384586,0.008664134,0.0,0.0
C_PB1,fov_011,1,G,0.0,0.0,0.0,0.40483168
C_PB1,fov_012,0,C,0.0,0.0,0.0,0.0
C_PB1,fov_012,1,G,0.0,0.0,0.0,0.06519529
C_PB1,fov_013,0,C,0.23454322,0.016715989,0.0,0.0
C_PB1,fov_013,1,G,0.0,0.0,0.0,0.34307227
C_PB1,fov_014,0,C,0.0,0.0,0.0,0.0
C_PB1,fov_014,1,G,0.0,0.0,0.0,0.15741347
C_PB1,fov_015,0,C,0.0,0.0,0.0,0.0
C_PB1,fov_015,1,G,0.0,0.0,0.0,0.20928316
G_PA,fov_000,0,G,0.0,0.0,0.0,0.0
G_PA,fov_000,1,G,0.0,0.0,0.0,0.0
G_PA,fov_001,0,G,0.0,0.0,0.0,0.0
G_PA,fov_001,1,G,0.0,0.0,0.0,0.04007251
G_PA,fov_002,0,G,0.0,0.0,0.0,0.0
G_PA,fov_002,1,G,0.0,0.0,0.0,0.0
G_PA,fov_003,0,G,0.0,0.0,0.0,0.0
G_PA,fov_003,1,G,0.0,0.0,0.0,0.0
G_PA,fov_004,0,G,0.0,0.0,0.0,0.0
G_PA,fov_004,1,G,0.0,0.0,0.0,0.0
G_PA,fov_005,0,G,0.0,0.0,0.0,0.0
G_PA,fov_005,1,G,0.0,0.0,0.0,0.0
G_PA,fov_006,0,G,0.0,0.0,0.0,0.0
G_PA,fov_006,1,G,0.0,0.0,0.0,0.0
G_PA,fov_007,0,G,0.0,0.0,0.0,0.0
G_PA,fov_007,1,G,0.0,0.0,0.0,0.0
G_PA,fov_008,0,G,0.0,0.0,0.0,0.0
G_PA,fov_008,1,G,0.0,0.0,0.0,0.0
G_PA,fov_009,0,G,0.0,0.0,0.0,0.0
G_PA,fov_009,1,G,0.0,0.0,0.0,0.0
G_PA,fov_010,0,G,0.0,0.0,0.0,0.0
G_PA,fov_010,1,G,0.0,0.0,0.0,0.0
G_PA,fov_011,0,G,0.0,0.0,0.0,0.0
G_PA,fov_011,1,G,0.0,0.0,0.0,0.0
G_PA,fov_012,0,G,0.0,0.0,0.0,0.0
G_PA,fov_012,1,G,0.0,0.0,0.0,0.0
G_PA,fov_013,0,G,0.0,0.0,0.0,0.0
G_PA,fov_013,1,G,0.0,0.0,0.0,0.0
G_PA,fov_014,0,G,0.0,0.0,0.0,0.0
G_PA,fov_014,1,G,0.0,0.0,0.0,0.13216035
G_PA,fov_015,0,G,0.0,0.0,0.0,0.0
G_PA,fov_015,1,G,0.0,0.0,0.0,0.0
T_HA,fov_000,0,T,0.0,0.0,0.0,0.0
T_HA,fov_000,1,A,0.0,0.014483545,0.41508844,0.0
T_HA,fov_001,0,T,0.0,0.0,0.0,0.0
T_HA,fov_001,1,A,0.0,0.0,0.0,0.0
T_HA,fov_002,0,T,0.0,0.0,0.0,0.0
T_HA,fov_002,1,A,0.0,0.0,0.17415673,0.0
T_HA,fov_003,0,T,0.0,0.0,0.0,0.0
T_HA,fov_003,1,A,0.0,0.010244777,0.0,0.0
T_HA,fov_004,0,T,0.0,0.0,0.0,0.0
T_HA,fov_004,1,A,0.0,0.0,0.0,0.0
T_HA,fov_005,0,T,0.0,0.0,0.0,0.0
T_HA,fov_005,1,A,0.0,0.0,0.0,0.0
T_HA,fov_006,0,T,0.0,0.0,0.0,0.0
T_HA,fov_006,1,A,0.0,0.0011351424,0.036543023,0.0
T_HA,fov_007,0,T,0.0,0.0,0.0,0.0
T_HA,fov_007,1,A,0.0,0.0,0.0,0.0
T_HA,fov_008,0,T,0.0,0.1282226,0.0,0.0
T_HA,fov_008,1,A,0.0,0.13811956,0.51414853,0.0
T_HA,fov_009,0,T,0.0,0.120917626,0.0,0.0
T_HA,fov_009,1,A,0.0,0.15047091,0.19137336,0.0
T_HA,fov_010,0,T,0.0,0.16398229,0.0,0.0
T_HA,fov_010,1,A,0.0,0.08447322,1.6218293,0.0
T_HA,fov_011,0,T,0.0,0.19044846,0.0,0.0
T_HA,fov_011,1,A,0.0,0.15228216,0.917083,0.0
T_HA,fov_012,0,T,0.0,0.0,0.0,0.0
T_HA,fov_012,1,A,0.0,0.0,0.0,0.0
T_HA,fov_013,0,T,0.0,0.0,0.0,0.0
T_HA,fov_013,1,A,0.0,0.0,0.0,0.0
T_HA,fov_014,0,T,0.0,0.04920272,0.0,0.0
T_HA,fov_014,1,A,0.0,0.03382761,0.8875645,0.0
T_HA,fov_015,0,T,0.0,0.0,0.0,0.0
T_HA,fov_015,1,A,0.0,0.0,0.0,0.0
